"Title","URL handle","Description","Vendor","Type","Tags","Published on online store","Status","Option1 name","Option1 value","SKU","Price","Inventory tracker","Inventory quantity","Continue selling when out of stock","Requires shipping","Fulfillment service","Weight value (grams)","Weight unit for display","Collection"
"[DEMO] ESPRESSO — ZÁKLADY","espresso-zaklady","<p>Ukázkový čtyřhodinový kurz přípravy espressa. Procvičíte mletí, dávkování, pěchování a posuzování extrakce.</p>","Demo catalog","Course","course, espresso, beginner, demo","false","draft","Termín","16. října 2026 v 10:00","DEMO-ESPRESSO-ZAKLADY-1","2200.00","shopify","3","deny","false","manual","0","g","barista-kurzy"
"","espresso-zaklady","","","","","false","draft","Termín","23. října 2026 v 10:00","DEMO-ESPRESSO-ZAKLADY-2","2200.00","shopify","1","deny","false","manual","0","g",""
"","espresso-zaklady","","","","","false","draft","Termín","30. října 2026 v 14:00","DEMO-ESPRESSO-ZAKLADY-3","2200.00","shopify","4","deny","false","manual","0","g",""
"","espresso-zaklady","","","","","false","draft","Termín","6. listopadu 2026 v 10:00","DEMO-ESPRESSO-ZAKLADY-4","2200.00","shopify","0","deny","false","manual","0","g",""
"[DEMO] LATTE ART","latte-art","<p>Ukázkový tříhodinový kurz napěňování mléka a nalévání základních vzorů. Pro účastníky se základy přípravy espressa.</p>","Demo catalog","Course","course, milk, intermediate, demo","false","draft","Termín","19. října 2026 v 17:00","DEMO-LATTE-ART-1","1800.00","shopify","5","deny","false","manual","0","g","barista-kurzy"
"","latte-art","","","","","false","draft","Termín","2. listopadu 2026 v 17:00","DEMO-LATTE-ART-2","1800.00","shopify","2","deny","false","manual","0","g",""
"[DEMO] FILTROVANÁ KÁVA DOMA","filtrovana-kava","<p>Ukázkový tříhodinový kurz domácí přípravy kávy. Vyzkoušíte V60, Aeropress a French press.</p>","Demo catalog","Course","course, filter, beginner, demo","false","draft","Termín","14. října 2026 v 15:00","DEMO-FILTROVANA-KAVA-1","1500.00","shopify","6","deny","false","manual","0","g","barista-kurzy"
"","filtrovana-kava","","","","","false","draft","Termín","28. října 2026 v 15:00","DEMO-FILTROVANA-KAVA-2","1500.00","shopify","6","deny","false","manual","0","g",""
"","filtrovana-kava","","","","","false","draft","Termín","11. listopadu 2026 v 15:00","DEMO-FILTROVANA-KAVA-3","1500.00","shopify","6","deny","false","manual","0","g",""
"[DEMO] FILTRO","filtro","<p>Ukázková zrnková káva na filtr, balení 250 g. Původ a chuťový profil doplňte podle skutečné nabídky.</p>","Demo catalog","Coffee","coffee, filter, demo","false","draft","Title","Default Title","DEMO-FILTRO-1","420.00","shopify","24","deny","true","manual","250","g","merch"
"[DEMO] COMPETICIÓN","competicion","<p>Ukázková zrnková káva, balení 200 g. Slouží k otestování nabídky s omezenou zásobou.</p>","Demo catalog","Coffee","coffee, limited, demo","false","draft","Title","Default Title","DEMO-COMPETICION-1","560.00","shopify","8","deny","true","manual","200","g","merch"
"[DEMO] TRIČKO KAFE GROHOVA","camiseta","<p>Ukázkové unisex tričko ve velikostech S až XL. Materiál a rozměry doplňte před prodejem.</p>","Demo catalog","Apparel","merch, apparel, demo","false","draft","Velikost","S","DEMO-CAMISETA-1","790.00","shopify","4","deny","true","manual","250","g","merch"
"","camiseta","","","","","false","draft","Velikost","M","DEMO-CAMISETA-2","790.00","shopify","7","deny","true","manual","250","g",""
"","camiseta","","","","","false","draft","Velikost","L","DEMO-CAMISETA-3","790.00","shopify","3","deny","true","manual","250","g",""
"","camiseta","","","","","false","draft","Velikost","XL","DEMO-CAMISETA-4","790.00","shopify","0","deny","true","manual","250","g",""
"[DEMO] KERAMICKÝ ŠÁLEK","taza-ceramica","<p>Ukázkový keramický šálek na cappuccino. Objem a informace o údržbě doplňte podle skutečného výrobku.</p>","Demo catalog","Ceramics","ceramics, demo","false","draft","Title","Default Title","DEMO-TAZA-CERAMICA-1","650.00","shopify","12","deny","true","manual","300","g","merch"
"[DEMO] ŠÁLEK NA ESPRESSO","taza-espresso","<p>Ukázkový šálek na espresso. Fotografie a cena slouží pro demonstraci obchodu.</p>","Demo catalog","Ceramics","ceramics, demo","false","draft","Title","Default Title","DEMO-TAZA-ESPRESSO-1","520.00","shopify","9","deny","true","manual","200","g","merch"
"[DEMO] TRIČKO TOTXRES","camiseta-totxres","<p>Druhé ukázkové tričko pro vyzkoušení výběru velikostí a skladové dostupnosti.</p>","Demo catalog","Apparel","merch, apparel, limited, demo","false","draft","Velikost","S","DEMO-CAMISETA-TOTXRES-1","890.00","shopify","2","deny","true","manual","250","g","merch"
"","camiseta-totxres","","","","","false","draft","Velikost","M","DEMO-CAMISETA-TOTXRES-2","890.00","shopify","5","deny","true","manual","250","g",""
"","camiseta-totxres","","","","","false","draft","Velikost","L","DEMO-CAMISETA-TOTXRES-3","890.00","shopify","5","deny","true","manual","250","g",""
"","camiseta-totxres","","","","","false","draft","Velikost","XL","DEMO-CAMISETA-TOTXRES-4","890.00","shopify","2","deny","true","manual","250","g",""
"[DEMO] PLÁTĚNÁ TAŠKA","tote","<p>Ukázková plátěná taška. Rozměry a nosnost doplňte podle skutečného výrobku.</p>","Demo catalog","Accessories","merch, demo","false","draft","Title","Default Title","DEMO-TOTE-1","390.00","shopify","20","deny","true","manual","200","g","merch"
